/*
SQLyog 企业版 - MySQL GUI v7.14 
MySQL - 5.5.38 : Database - message_v3
*********************************************************************
*/

/*!40101 SET NAMES utf8 */;

/*!40101 SET SQL_MODE=''*/;

/*!40101 SET @OLD_SQL_MODE=@@SQL_MODE, SQL_MODE='NO_AUTO_VALUE_ON_ZERO' */;

/*Data for the table `dic_items` */

insert  into `dic_items`(`sid`,`dic_name`,`dic_item`,`dic_value`,`dic_value_second`,`status`) values (3,'业务代码','商品信息','0025',NULL,1),(4,'业务代码','订单信息（测试）','0026',NULL,1),(12,'业务系统编号','王府井百货','P1001',NULL,1),(24,'交换类型','直接交换','',0,1),(25,'交换类型','fanout交换','',1,1),(26,'交换类型','topic交换','',2,1),(34,'业务系统编号','电商erp','P005',NULL,1),(35,'业务系统编号','百货EERP','P006',NULL,1),(36,'交换类型','测试','',5,0),(37,'业务系统编号','云店主站','P131',NULL,1),(38,'业务系统编号','第三方平台EDI','P201',NULL,1),(39,'业务代码','库存对接','990',NULL,1),(40,'业务代码','订单信息','9901',NULL,1),(41,'业务代码','订单状态','9902',NULL,1),(42,'业务代码','退货单信息','9903',NULL,1),(43,'业务代码','退货单状态','9904',NULL,1),(44,'业务代码','测试用业务代码','0000',NULL,1),(45,'业务系统编号','Hybris商品中心','P011',NULL,1),(46,'业务系统编号','SAP主数据ERP(MDERP)','P012',NULL,1),(47,'业务系统编号','Hybris订单库存中心','P021',NULL,1),(48,'业务系统编号','Hybris账户中心','P022',NULL,1),(49,'业务系统编号','Hybris供应商中心','P031',NULL,1),(50,'业务系统编号','客服中心','P041',NULL,1),(51,'业务系统编号','运营支撑中心','P051',NULL,1),(52,'业务系统编号','电子币系统','P061',NULL,1),(53,'业务系统编号','购物车系统','P071',NULL,1),(54,'业务系统编号','支付平台系统','P072',NULL,1),(55,'业务系统编号','会员中心','P081',NULL,1),(56,'业务系统编号','营销中心','P091',NULL,1),(57,'业务系统编号','交付中心','P101',NULL,1),(58,'业务系统编号','商品信息编辑系统','P111',NULL,1),(59,'业务系统编号','商品准入导入终端系统','P112',NULL,1),(60,'业务系统编号','云店个人中心','P132',NULL,1),(61,'业务系统编号','移动工作台','P141',NULL,1),(62,'业务系统编号','虚拟专柜','P151',NULL,1),(63,'业务系统编号','移动商城','P161',NULL,1),(64,'业务系统编号','移动APP','P171',NULL,1),(65,'业务系统编号','电商ERP','P181',NULL,1),(66,'业务系统编号','门店ERP','P191',NULL,1),(67,'业务代码','门店管理分类上传(uploadCategoryFromEfutureERP)','P012_01',NULL,1),(68,'业务代码','供应商上传(uploadPcmSupplyInfoFromEFutureERP)','P012_02',NULL,1),(69,'业务代码','大码信息上传(uploadErpProductFromEFuture)','P012_03',NULL,1),(70,'业务代码','大码修改品牌、专柜、供应商后上传(uploadErpChangeFromEfuture)','P012_04',NULL,1),(71,'业务代码','条码上传(uploadSupplierBarCodeFromEfuture)','P012_05',NULL,1),(72,'业务代码','变价信息上传(importProPriceInfo)','P012_06',NULL,1),(73,'业务代码','专柜下发-SAPERP(MDERP.Counter.SAPERP)','P181_01',NULL,1),(74,'业务代码','专柜下发-EfutureERP(MDERP.Counter.EfutureERP)','P191_01',NULL,1),(75,'业务代码','专柜下发-EfuturePromotion(MDERP.Counter.EfuturePromoti','P091_01',NULL,1),(76,'业务代码','统计分类下发-EfutureERP(MDERP.StatCategory.EfutureERP)','P191_02',NULL,1),(77,'业务代码','统计分类下发-SAPERP(MDERP.StatCategory.SAPERP)','P181_02',NULL,1),(78,'业务代码','品牌下发-EfuturePromotion(MDERP.Brand.EfuturePromotion','P091_02',NULL,1),(79,'业务代码','品牌下发-SAPERP(MDERP.Brand.SAPERP)','P181_03',NULL,1),(80,'业务代码','品牌下发-SAPERP(MDERP.Brand.EfutureERP)','P191_03',NULL,1),(81,'业务代码','专柜商品下发-EfuturePromotion(HybrisPCM.SupplierProduct.','P091_02',NULL,1),(82,'业务代码','专柜商品下发-EfutureERP(HybrisPCM.SupplierProduct.Efutur','P191_04',NULL,1),(83,'业务代码','基础组织机构下发-EfuturePromotion(MDERP.OrgStruct.EfutureP','P091_03',NULL,1),(84,'业务代码','楼层下发-EfuturePromotion(MDERP.Floor.EfuturePromotion','P091_04',NULL,1),(85,'业务代码','行政区域下发-EfuturePromotion(HybrisOSS.Area.EfutureProm','P091_05',NULL,1),(86,'业务代码','销售渠道下发-EfuturePromotion(MDERP.SalesChannel.Efuture','P091_06',NULL,1),(87,'业务代码','工业分类下发-SAPERP(MDERP.ProductCategory.SAPERP)','P181_04',NULL,1),(88,'业务代码','工业分类下发-EfuturePromotion(MDERP.ProductCategory.Efut','P091_07',NULL,1),(89,'业务代码','管理分类下发-EfuturePromotion(MDERP.ManageCategory.Efutu','P091_08',NULL,1),(90,'业务代码','管理分类下发-YongliImport(MDERP.ManageCategory.YongliInp','P112_01',NULL,1),(91,'业务代码','供应商下发-EfuturePromotion(MDERP.Supplier.EfuturePromo','P091_09',NULL,1),(92,'业务代码','大码商品信息下发-EfuturePromotion(MDERP.ErpCode.EfuturePro','P091_10',NULL,1),(93,'业务代码','商品信息下发（包含属性）-EfuturePromotion(HybrisPCM.Product.Ef','P091_11',NULL,1),(94,'业务代码','支付方式下发-EfuturePromotion(MDERP.Payment.EfuturePromo','P091_12',NULL,1),(95,'业务代码','大楼导购的数据上传至导入终端-YongliPIS','P112_02',NULL,1),(96,'业务代码','变价信息下发(营销)-EfuturePromotion','P091_13',NULL,1),(97,'业务代码','变价信息下发(门店ERP)-EfutureERP','P191_05',NULL,1),(98,'业务代码','变价信息下发(SAPERP)-SAPERP','P181_05',NULL,1),(99,'业务代码','合同上传(SAPERP)-(EfutureERP.Contract.MDERP)','p012_07',NULL,1);

/*Data for the table `dic_names` */

insert  into `dic_names`(`sid`,`dic_name`,`dic_type`,`dic_desc`) values (1,'业务系统编号',0,'项目组'),(2,'业务代码',1,'业务类型代码'),(12,'交换类型',0,'交换机交换类型');

/*Data for the table `exchange_conf` */

insert  into `exchange_conf`(`sid`,`exchange_name`,`exchange_desc`,`exchange_type`,`status`) values (1,'directExchange','直连交换机',0,1),(2,'topicExchange','TOPIC交换机',2,1),(3,'fanoutExchange','FANOUT交换机',1,1);

/*Data for the table `group_conf` */

insert  into `group_conf`(`sid`,`group_name`,`group_desc`,`user_name`,`password`) values (1,'第一组',NULL,'admin','12345'),(2,'第二组',NULL,'admin','1234567890');

/*Data for the table `inbound_conf` */

insert  into `inbound_conf`(`sid`,`system_no`,`service_no`,`exchange_type`,`route_key`,`inbound_desc`,`group_sid`,`max_length`,`exchange_conf_sid`) values (14,'P201','9901',0,NULL,'正向订单接口 9901',1,200,1),(15,'P201','9902',0,NULL,'更新取消订单状态，释放库存 9902',1,200,1),(16,'P201','9903',0,NULL,'退货单创建 9903',1,200,1),(17,'P201','9904',0,NULL,'更新退货单状态 9904',1,200,1),(18,'P201','9905',0,NULL,'更新退货单物流信息 9905',1,200,1),(19,'P131','9902',0,NULL,'发货接口： 9902',1,200,1),(20,'P131','9905',0,NULL,'wcs to edi prostock sync',1,200,1),(21,'P131','0000',0,NULL,'测试',1,200,1),(22,'P191','P012_01',0,'xxxxx','99',1,200,1),(23,'P191','P012_02',0,'000','00',1,200,1),(24,'P191','P012_03',0,'00','00',1,200,1),(25,'P191','P012_04',0,'000','00',1,200,1),(26,'P191','P012_05',0,'00','00',1,200,1),(27,'P191','P012_06',0,'00','00',1,200,1),(28,'P012','P181_01',0,'MDERP.Counter.SAPERP','00',1,200,1),(29,'P012','P191_01',0,'MDERP.Counter.EfutureERP','',1,200,1),(30,'P012','P091_01',0,'MDERP.Counter.EfuturePromotion','',1,200,1),(31,'P012','P191_02',0,'MDERP.StatCategory.EfutureERP','',1,200,1),(32,'P012','P181_02',0,'MDERP.StatCategory.SAPERP','',1,200,1),(33,'P012','P091_02',0,'MDERP.Brand.EfuturePromotion','',1,200,1),(34,'P012','P181_03',0,'MDERP.Brand.SAPERP','',1,200,1),(35,'P012','P191_03',0,'MDERP.Brand.EfutureERP','',1,200,1),(36,'P011','P091_02',0,'HybrisPCM.SupplierProduct.EfuturePromotion','',1,200,1),(37,'P011','P191_04',0,'HybrisPCM.SupplierProduct.EfutureERP','',1,200,1),(38,'P012','P091_03',0,'MDERP.OrgStruct.EfuturePromotion','',1,200,1),(39,'P012','P091_04',0,'MDERP.Floor.EfuturePromotion','',1,200,1),(40,'P021','P091_05',0,'HybrisOSS.Area.EfuturePromotion','',1,200,1),(41,'P012','P091_06',0,'MDERP.SalesChannel.EfuturePromotion','',1,200,1),(42,'P012','P181_04',0,'MDERP.ProductCategory.SAPERP','',1,200,1),(43,'P012','P091_07',0,'MDERP.ProductCategory.EfuturePromotion','',1,200,1),(44,'P012','P091_08',0,'MDERP.ManageCategory.EfuturePromotion','',1,200,1),(45,'P012','P112_01',0,'MDERP.ManageCategory.YongliInport','',1,200,1),(46,'P012','P091_09',0,'MDERP.Supplier.EfuturePromotion','',1,200,1),(47,'P012','P091_10',0,'MDERP.ErpCode.EfuturePromotion','',1,200,1),(48,'P011','P091_11',0,'HybrisPCM.Product.EfuturePromotion','',1,200,1),(49,'P012','P091_12',0,'MDERP.Payment.EfuturePromotion','',1,200,1),(50,'P191','P112_02',0,'EfutureERP.Sales.YongliPIS','11',1,200,1),(51,'P011','P091_13',0,'HybrisPCM.Price.EfuturePromotion','00',1,200,1),(52,'P012','P191_05',0,'MDERP.Price.EfutureERP','200',1,200,1),(53,'P012','P181_05',0,'MDERP.Price.SAPERP','22',1,200,1),(54,'P191','p012_07',0,'EfutureERP.Contract.MDERP','2',1,200,1);

/*Data for the table `inbound_queue_ref` */

insert  into `inbound_queue_ref`(`sid`,`inbound_conf_sid`,`queue_conf_sid`,`route_key`,`memo`,`exchange_conf_sid`,`status`) values (29,14,17,'WCS_1','正向订单接口 9901',1,1),(30,15,21,'WCS_5','更新取消订单状态，释放库存 9902',1,1),(31,16,18,'WCS_2','退货单创建 9903',1,1),(32,17,19,'WCS_3','更新退货单状态 9904',1,1),(33,18,20,'WCS_4','更新退货单物流信息 9905',1,1),(34,19,22,'EDI_1','发货接口 9902',1,1),(35,20,22,'EDI_1','WCS_TOPIC',1,1),(36,21,26,'directTest','directTest',1,1),(37,22,27,'EfutureERP.ManageCategory.MDERP','',1,1),(38,23,28,'Any.Supplier.MDERP','',1,1),(39,24,29,'EfutureERP.Product.MDERP','',1,1),(40,25,30,'EfutureERP.ErpChange.MDERP','',1,1),(41,26,31,'Any.SupplierBarCode.MDERP','',1,1),(42,27,32,'Any.Price.MDERP','',1,1),(43,28,33,'MDERP.Counter.SAPERP','00',1,1),(44,29,34,'MDERP.Counter.EfutureERP','',1,1),(45,30,35,'MDERP.Counter.EfuturePromotion','',1,1),(46,31,36,'MDERP.StatCategory.EfutureERP','',1,1),(47,32,37,'MDERP.StatCategory.SAPERP','',1,1),(48,33,38,'MDERP.Brand.EfuturePromotion','',1,1),(49,34,39,'MDERP.Brand.SAPERP','',1,1),(50,35,40,'MDERP.Brand.EfutureERP','',1,1),(51,36,41,'HybrisPCM.SupplierProduct.EfuturePromotion','',1,1),(52,37,42,'HybrisPCM.SupplierProduct.EfutureERP','',1,1),(53,38,43,'MDERP.OrgStruct.EfuturePromotion','',1,1),(54,39,44,'MDERP.Floor.EfuturePromotion','',1,1),(55,40,45,'HybrisOSS.Area.EfuturePromotion','',1,1),(56,41,46,'MDERP.SalesChannel.EfuturePromotion','',1,1),(57,42,47,'MDERP.ProductCategory.SAPERP','',1,1),(58,43,48,'MDERP.ProductCategory.EfuturePromotion','',1,1),(59,44,49,'MDERP.ManageCategory.EfuturePromotion','',1,1),(60,45,50,'MDERP.ManageCategory.YongliInport','',1,1),(61,46,51,'MDERP.Supplier.EfuturePromotion','',1,1),(62,47,52,'MDERP.ErpCode.EfuturePromotion','',1,1),(63,48,53,'HybrisPCM.Product.EfuturePromotion','',1,1),(64,49,54,'MDERP.Payment.EfuturePromotion','',1,1),(65,50,55,'EfutureERP.Sales.YongliPIS','11',1,1),(66,51,56,'HybrisPCM.Price.EfuturePromotion','',1,1),(67,52,57,'MDERP.Price.EfutureERP','',1,1),(68,53,58,'MDERP.Price.SAPERP','',1,1),(69,54,59,'EfutureERP.Contract.MDERP','',1,1);

/*Data for the table `menu_list` */

insert  into `menu_list`(`sid`,`parent_id`,`menu_name`,`menu_desc`) values (1,0,'queueListener','队列监控'),(2,0,'configManage','配置管理'),(3,0,'userManage','用户管理');

/*Data for the table `outbound_conf` */

insert  into `outbound_conf`(`sid`,`outbound_name`,`outbound_desc`,`ws_type`,`outbound_url`,`status`,`timeout`) values (1,'测试系统接收服务','测试系统接收服务',0,'http://10.6.1.71:8080/MQInput/itgService/jsonTest.do',1,10000),(12,'WCS正向订单接口 9901','WCS正向订单接口 9901',0,'http://was8.ec.com/webapp/wcs/stores/servlet/EDIMQOrderCreateCommand',1,10000),(13,'退货单创建 9903','退货单创建 9903',0,'http://was8.ec.com/webapp/wcs/stores/servlet/EDIMqReturnOrderCommand',1,10000),(14,'更新退货单状态 9904','更新退货单状态 9904',0,'http://was8.ec.com/webapp/wcs/stores/servlet/EDIUpdateReturnOrderStatusCommand',1,10000),(15,'更新退货单物流信息 9905','更新退货单物流信息 9905',0,'http://was8.ec.com/webapp/wcs/stores/servlet/EDIUpdateReturnOrderExpressCommand',1,10000),(16,'更新取消订单状态，释放库存 9902','更新取消订单状态，释放库存 9902',0,'http://was8.ec.com/webapp/wcs/stores/servlet/EDIAutoOrderStatusScheduleCmd',1,10000),(17,'EDI发货接口 9902','EDI发货接口 9902',0,'http://10.0.0.160:8080/edi-server/mq/shipping',1,10000),(18,'门店管理分类上传(EfutureERP.ManageCategory.MDERP)','门店管理分类上传',0,'http://10.6.2.43:8085/pcm-import/categorymanage/uploadCategoryFromEfutureERP.htm',1,10000),(19,'供应商上传(Any.Supplier.MDERP)','供应商上传',0,'http://10.6.2.43:8085/pcm-import/pcmSupplyInfo/uploadPcmSupplyInfoFromEFutureERP.htm',1,10000),(20,'大码信息上传(EfutureERP.Product.MDERP)','大码信息上传',0,'http://10.6.2.43:8085/pcm-import/erpProductEfuture/uploadErpProductFromEFuture.htm',1,10000),(21,'大码修改品牌、专柜、供应商后上传(EfutureERP.ErpChange.MDERP)','大码修改品牌、专柜、供应商后上传',0,'http://10.6.2.43:8085/pcm-import/erpProductEfuture/uploadErpChangeFromEfuture.htm',1,10000),(22,'条码上传(Any.SupplierBarCode.MDERP)','条码上传',0,'http://10.6.2.43:8085/pcm-import/barcode/uploadSupplierBarCodeFromEfuture.htm',1,10000),(23,'变价信息上传(Any.Price.MDERP)','变价信息上传',0,'http://10.6.2.43:8085/pcm-import/changeprice/erp/importProPriceInfo.htm',1,10000),(24,'合同上传(EfutureERP.Contract.MDERP)','合同上传',0,'http://10.6.2.43:8085/pcm-import/contract/uploadContractLog.htm',1,10000),(25,'大楼导购的数据上传至导入终端(EfutureERP.Sales.YongliPIS)','大楼导购的数据上传至导入终端',0,'http://10.6.1.69:10101/StoreManService/store/guide',1,10000),(26,'门店ERP Webservice soap接口','门店ERP Webservice soap接口',1,'http://172.17.254.148:8000/frdif/n_frdif.asmx?WSDL',1,10000);

/*Data for the table `permit` */

insert  into `permit`(`sid`,`process`,`per_desc`) values (1,1,'查看所有信息'),(2,0,'查看监控信息');

/*Data for the table `queue_conf` */

insert  into `queue_conf`(`sid`,`queue_name`,`queue_desc`,`outbound_conf_sid`,`status`,`max_num`,`group_sid`,`queue_type`,`queue_listen_type`) values (17,'WCS_1','正向订单接口 9901',12,1,1,1,0,1),(18,'WCS_2','退货单创建 9903',13,1,1,1,0,1),(19,'WCS_3','更新退货单状态 9904',14,1,1,1,0,1),(20,'WCS_4','更新退货单物流信息 9905',15,1,1,1,0,1),(21,'WCS_5','更新取消订单状态，释放库存 9902',16,1,1,1,0,1),(22,'EDI_1','发货接口： 9902',17,1,1,1,0,1),(23,'WCS_TOPIC','WCS_TOPIC测试',1,1,1,1,1,1),(24,'EDI_TOPIC','EDI_TOPIC测试',1,1,1,1,1,1),(25,'WCS_TOPIC_2','WCS_TOPIC_2测试',1,1,1,1,1,1),(26,'directTest','directTest',1,1,1,1,0,0),(27,'EfutureERP.ManageCategory.MDERP','门店管理分类上传',18,1,1,1,0,2),(28,'Any.Supplier.MDERP','供应商上传',19,1,1,1,0,2),(29,'EfutureERP.Product.MDERP','大码信息上传',20,1,1,1,0,2),(30,'EfutureERP.ErpChange.MDERP','大码修改品牌、专柜、供应商 后上传',21,1,1,1,0,2),(31,'Any.SupplierBarCode.MDERP','条码上传',22,1,1,1,0,2),(32,'Any.Price.MDERP','变价信息上传',23,1,1,1,0,2),(33,'MDERP.Counter.SAPERP','专柜下发(MDERP.Counter.SAPERP)',NULL,1,1,1,0,0),(34,'MDERP.Counter.EfutureERP','专柜下发(MDERP.Counter.EfutureERP)',26,1,1,1,0,1),(35,'MDERP.Counter.EfuturePromotion','专柜下发(MDERP.Counter.EfuturePromotion)',NULL,1,1,1,0,0),(36,'MDERP.StatCategory.EfutureERP','统计分类下发(MDERP.StatCategory.EfutureERP)',26,1,1,1,0,1),(37,'MDERP.StatCategory.SAPERP','统计分类下发(MDERP.StatCategory.SAPERP)',NULL,1,1,1,0,0),(38,'MDERP.Brand.EfuturePromotion','品牌下发(MDERP.Brand.EfuturePromotion)',NULL,1,1,1,0,0),(39,'MDERP.Brand.SAPERP','品牌下发(MDERP.Brand.SAPERP)',NULL,1,1,1,0,0),(40,'MDERP.Brand.EfutureERP','品牌下发(MDERP.Brand.EfutureERP)',26,1,1,1,0,1),(41,'HybrisPCM.SupplierProduct.EfuturePromotion','专柜商品下发(HybrisPCM.SupplierProduct.EfuturePromotion)',NULL,1,1,1,0,0),(42,'HybrisPCM.SupplierProduct.EfutureERP','专柜商品下发(HybrisPCM.SupplierProduct.EfutureERP)',26,1,1,1,0,1),(43,'MDERP.OrgStruct.EfuturePromotion','基础组织机构下发(MDERP.OrgStruct.EfuturePromotion)',NULL,1,1,1,0,0),(44,'MDERP.Floor.EfuturePromotion','楼层下发(MDERP.Floor.EfuturePromotion)',NULL,1,1,1,0,0),(45,'HybrisOSS.Area.EfuturePromotion','行政区域下发(HybrisOSS.Area.EfuturePromotion)',NULL,1,1,1,0,0),(46,'MDERP.SalesChannel.EfuturePromotion','销售渠道下发(MDERP.SalesChannel.EfuturePromotion)',NULL,1,1,1,0,0),(47,'MDERP.ProductCategory.SAPERP','工业分类下发(MDERP.ProductCategory.SAPERP)',NULL,1,1,1,0,0),(48,'MDERP.ProductCategory.EfuturePromotion','工业分类下发(MDERP.ProductCategory.EfuturePromotion)',NULL,1,1,1,0,0),(49,'MDERP.ManageCategory.EfuturePromotion','管理分类下发(MDERP.ManageCategory.EfuturePromotion)',NULL,1,1,1,0,0),(50,'MDERP.ManageCategory.YongliInport','管理分类下发(MDERP.ManageCategory.YongliInport)',NULL,1,1,1,0,0),(51,'MDERP.Supplier.EfuturePromotion','供应商下发(MDERP.Supplier.EfuturePromotion)',NULL,1,1,1,0,0),(52,'MDERP.ErpCode.EfuturePromotion','大码商品信息下发(MDERP.ErpCode.EfuturePromotion)',NULL,1,1,1,0,0),(53,'HybrisPCM.Product.EfuturePromotion','商品信息下发（包含属性）(HybrisPCM.Product.EfuturePromotion)',NULL,1,1,1,0,0),(54,'MDERP.Payment.EfuturePromotion','支付方式下发(MDERP.Payment.EfuturePromotion)',NULL,1,1,1,0,0),(55,'EfutureERP.Sales.YongliPIS','大楼导购的数据上传至导入终端（EfutureERP.Sales.YongliPIS）',25,1,1,1,0,2),(56,'HybrisPCM.Price.EfuturePromotion','变价信息下发(营销)(HybrisPCM.Price.EfuturePromotion)',NULL,1,1,1,0,0),(57,'MDERP.Price.EfutureERP','变价信息下发(门店ERP)(MDERP.Price.EfutureERP)',26,1,1,1,0,1),(58,'MDERP.Price.SAPERP','变价信息下发(SAPERP)(MDERP.Price.SAPERP)',NULL,1,1,1,0,0),(59,'EfutureERP.Contract.MDERP','合同上传(EfutureERP.Contract.MDERP)',24,1,1,1,0,1);

/*Data for the table `role` */

insert  into `role`(`sid`,`role_name`,`role_desc`) values (1,'admin','管理员1'),(2,'user','普通用户1');

/*Data for the table `role_menu_ref` */

insert  into `role_menu_ref`(`sid`,`role_id`,`menu_id`,`status`) values (1,1,1,1),(2,1,2,1),(3,1,3,1),(4,2,1,1),(5,2,2,0),(6,2,3,0),(7,3,1,1);

/*Data for the table `role_permit_ref` */

insert  into `role_permit_ref`(`sid`,`role_id`,`per_id`,`ref_desc`) values (1,1,1,'查看所有信息'),(2,2,0,'查看监控信息');

/*Data for the table `role_user_ref` */

insert  into `role_user_ref`(`sid`,`user_id`,`role_id`,`status`,`ref_desc`) values (1,1,1,1,'管理员'),(2,2,2,1,'普通用户'),(4,7,2,NULL,NULL),(5,8,2,NULL,NULL);

/*Data for the table `server_conf` */

insert  into `server_conf`(`sid`,`group_sid`,`server_ip`,`server_port`,`type`) values (1,1,'10.6.1.70',5672,1);

/*Data for the table `test` */

insert  into `test`(`id`) values (1);

/*Data for the table `user` */

insert  into `user`(`sid`,`username`,`password`,`description`) values (1,'admin','admin1','管理员'),(7,'xpy','123456','普通用户'),(8,'test','test','1');

/*!40101 SET SQL_MODE=@OLD_SQL_MODE */;